coverage_id,priced_within
integration-01,integration-verification
integration-02,integration-verification
integration-03,integration-verification
integration-04,integration-verification
integration-05,integration-verification
integration-06,integration-verification
integration-07,integration-verification
integration-08,integration-verification
integration-09,integration-verification
integration-10,integration-verification
integration-11,integration-verification
integration-12,integration-verification
integration-13,integration-verification
