canonical_id,source_path,change_kind,batch_included,exception_kind
api-001,src/api/Api001.java,normal,true,
api-002,src/api/Api002.java,normal,true,
api-003,src/api/Api003.java,normal,true,
api-004,src/api/Api004.java,normal,true,
api-005,src/api/Api005.java,normal,true,
api-006,src/api/Api006.java,normal,true,
api-007,src/api/Api007.java,normal,true,
api-008,src/api/Api008.java,normal,true,
api-009,src/api/Api009.java,normal,true,
api-010,src/api/Api010.java,normal,true,
api-011,src/api/Api011.java,normal,true,
api-012,src/api/Api012.java,normal,true,
api-013,src/api/Api013.java,normal,true,
api-014,src/api/Api014.java,normal,true,
api-015,src/api/Api015.java,normal,true,
api-016,src/api/Api016.java,normal,true,
api-017,src/api/Api017.java,normal,true,
api-018,src/api/Api018.java,normal,true,
api-019,src/api/Api019.java,normal,true,
api-020,src/api/Api020.java,normal,true,
api-021,src/api/Api021.java,normal,true,
api-022,src/api/Api022.java,normal,true,
api-023,src/api/Api023.java,normal,true,
api-024,src/api/Api024.java,normal,true,
api-025,src/api/Api025.java,normal,true,
api-026,src/api/Api026.java,normal,true,
api-027,src/api/Api027.java,normal,true,
api-028,src/api/Api028.java,normal,true,
api-029,src/api/Api029.java,normal,true,
api-030,src/api/Api030.java,normal,true,
api-031,src/api/Api031.java,normal,true,
api-032,src/api/Api032.java,normal,true,
api-033,src/api/Api033.java,normal,true,
api-034,src/api/Api034.java,normal,true,
api-035,src/api/Api035.java,normal,true,
api-036,src/api/Api036.java,normal,true,
api-037,src/api/Api037.java,normal,true,
api-038,src/api/Api038.java,normal,true,
api-039,src/api/Api039.java,normal,true,
api-040,src/api/Api040.java,normal,true,
api-041,src/api/Api041.java,normal,true,
api-042,src/api/Api042.java,normal,true,
api-043,src/api/Api043.java,normal,true,
api-044,src/api/Api044.java,normal,true,
api-045,src/api/Api045.java,normal,true,
api-046,src/api/Api046.java,normal,true,
api-047,src/api/Api047.java,normal,true,
api-048,src/api/Api048.java,normal,true,
api-049,src/api/Api049.java,normal,true,
api-050,src/api/Api050.java,normal,true,
api-051,src/api/Api051.java,normal,true,
api-052,src/api/Api052.java,normal,true,
api-053,src/api/Api053.java,normal,true,
api-054,src/api/Api054.java,normal,true,
api-055,src/api/Api055.java,normal,true,
api-056,src/api/Api056.java,normal,true,
api-057,src/api/Api057.java,normal,true,
api-058,src/api/Api058.java,normal,true,
api-059,src/api/Api059.java,normal,true,
api-060,src/api/Api060.java,normal,true,
api-061,src/api/Api061.java,normal,true,
api-062,src/api/Api062.java,normal,true,
api-063,src/api/Api063.java,normal,true,
api-064,src/api/Api064.java,normal,true,
api-065,src/api/Api065.java,normal,true,
api-066,src/api/Api066.java,normal,true,
api-067,src/api/Api067.java,normal,true,
api-068,src/api/Api068.java,normal,true,
api-069,src/api/Api069.java,normal,true,
api-070,src/api/Api070.java,normal,true,
api-071,src/api/Api071.java,normal,true,
api-072,src/api/Api072.java,normal,true,
api-073,src/api/Api073.java,normal,true,
api-074,src/api/Api074.java,normal,true,
api-075,src/api/Api075.java,normal,true,
api-076,src/api/Api076.java,normal,true,
api-077,src/api/Api077.java,normal,true,
api-078,src/api/Api078.java,normal,true,
api-079,src/api/Api079.java,normal,true,
api-080,src/api/Api080.java,normal,true,
api-081,src/api/Api081.java,normal,true,
api-082,src/api/Api082.java,normal,true,
api-083,src/api/Api083.java,normal,true,
api-084,src/api/Api084.java,normal,true,
api-085,src/api/Api085.java,exception,true,upload
api-086,src/api/Api086.java,exception,true,signed-payload
api-087,src/api/Api087.java,exception,true,transaction
